{"stats":{"minecraft:mined":{"minecraft:tall_grass":1},"minecraft:picked_up":{"minecraft:leather":4,"minecraft:gray_wool":1,"minecraft:gunpowder":1,"minecraft:mutton":7,"minecraft:white_wool":3},"minecraft:used":{"minecraft:netherite_sword":14},"minecraft:killed":{"minecraft:sheep":4,"minecraft:horse":3,"minecraft:creeper":1},"minecraft:dropped":{"minecraft:crying_obsidian":1},"minecraft:custom":{"minecraft:open_chest":1,"minecraft:time_since_rest":5016,"minecraft:crouch_one_cm":23,"minecraft:play_time":5016,"minecraft:sprint_one_cm":4202,"minecraft:walk_one_cm":5198,"minecraft:sneak_time":15,"minecraft:mob_kills":8,"minecraft:drop":1,"minecraft:jump":94,"minecraft:damage_dealt":1190,"minecraft:leave_game":1,"minecraft:walk_on_water_one_cm":237,"minecraft:time_since_death":5016,"minecraft:total_world_time":5016,"minecraft:fly_one_cm":59109}},"DataVersion":2975}